{
  "fieldSets": [
    {
      "fields": [
        {
          "name": "showUserProfile",
          "label": "Show User Profile",
          "description": "Display user profile dropdown in header",
          "type": "checkbox",
          "defaultValue": true
        },
        {
          "name": "showNotifications",
          "label": "Show Notifications",
          "description": "Display notifications bell icon",
          "type": "checkbox",
          "defaultValue": true
        },
        {
          "name": "showSearch",
          "label": "Show Search Button",
          "description": "Display the search button in the header with modal overlay",
          "type": "checkbox",
          "defaultValue": true
        },
        {
          "name": "headerStyle",
          "label": "Header Style",
          "description": "Choose header background style",
          "type": "select",
          "defaultValue": "white",
          "typeOptions": {
            "validValues": [
              {
                "label": "White Background",
                "value": "white"
              },
              {
                "label": "Primary Blue Background",
                "value": "primary"
              }
            ]
          }
        },
        {
          "name": "companyName",
          "label": "Company Name",
          "description": "Partner company name for personalization",
          "type": "text",
          "defaultValue": "Your Optician Practice"
        },
        {
          "name": "navigationMenuId",
          "label": "Navigation Menu ID",
          "description": "ID of the Liferay navigation menu to use",
          "type": "text",
          "defaultValue": "primary-menu"
        },
        {
          "name": "sitePrefix",
          "label": "Site Prefix",
          "description": "URL prefix to prepend to all navigation menu links (e.g., /web/boots-partners)",
          "type": "text",
          "defaultValue": "/web/boots-partners"
        }
      ]
    }
  ]
}