{
  "fieldSets": [
    {
      "fields": [
        {
          "name": "showNewsletterSignup",
          "label": "Show Newsletter Signup",
          "description": "Display newsletter subscription section",
          "type": "checkbox",
          "defaultValue": true
        },
        {
          "name": "showSocialMedia",
          "label": "Show Social Media Links",
          "description": "Display social media icons and links",
          "type": "checkbox",
          "defaultValue": true
        },
        {
          "name": "showBackToTop",
          "label": "Show Back to Top Button",
          "description": "Display floating back to top button",
          "type": "checkbox",
          "defaultValue": true
        },
        {
          "name": "footerStyle",
          "label": "Footer Style",
          "description": "Choose footer background style",
          "type": "select",
          "defaultValue": "dark",
          "typeOptions": {
            "validValues": [
              {
                "label": "Dark Background",
                "value": "dark"
              },
              {
                "label": "Light Background",
                "value": "light"
              },
              {
                "label": "Primary Blue Background",
                "value": "primary"
              }
            ]
          }
        },
        {
          "name": "companyName",
          "label": "Company Name",
          "description": "Partner company name for footer branding",
          "type": "text",
          "defaultValue": "Your Optician Practice"
        }
      ]
    }
  ]
}